file,label,background,leaves_in_image,lesion_visible,lesion_size,lighting,other_damage,usable_for_scope
black_sigatoka/train_0178.png,black_sigatoka,field,1,yes,large,good,yes,yes
black_sigatoka/train_0110.png,black_sigatoka,field,1,yes,large,good,yes,yes
black_sigatoka/train_0104.png,black_sigatoka,field,1,yes,large,good,yes,yes
black_sigatoka/train_0184.png,black_sigatoka,plain,1,yes,small,good,no,yes
black_sigatoka/train_0164.png,black_sigatoka,plain,1,yes,small,good,no,yes
black_sigatoka/train_0168.png,black_sigatoka,plain,1,yes,small,good,yes,yes
black_sigatoka/train_0130.png,black_sigatoka,field,1,yes,medium,dark,yes,yes
black_sigatoka/train_0145.png,black_sigatoka,field,1,yes,large,good,yes,yes
black_sigatoka/train_0196.png,black_sigatoka,plain,1,yes,medium,good,no,yes
black_sigatoka/train_0111.png,black_sigatoka,field,1,yes,large,good,yes,yes
black_sigatoka/train_0179.png,black_sigatoka,field,1,yes,medium,good,yes,yes
black_sigatoka/train_0180.png,black_sigatoka,field,1,yes,large,good,yes,yes
black_sigatoka/train_0100.png,black_sigatoka,field,1,yes,large,good,yes,yes
black_sigatoka/train_0181.png,black_sigatoka,field,1,yes,large,good,yes,yes
black_sigatoka/train_0118.png,black_sigatoka,field,1,yes,large,good,yes,yes
black_sigatoka/train_0170.png,black_sigatoka,field,1,yes,large,good,yes,yes
black_sigatoka/train_0156.png,black_sigatoka,field,1,yes,large,good,yes,yes
black_sigatoka/train_0172.png,black_sigatoka,field,1,yes,large,good,yes,yes
black_sigatoka/test_0020.png,black_sigatoka,plain,1,yes,small,good,no,yes
black_sigatoka/train_0142.png,black_sigatoka,field,several,yes,medium,good,yes,yes
yellow_sigatoka/train_0678.png,yellow_sigatoka,field,1,yes,medium,good,yes,yes
yellow_sigatoka/train_0610.png,yellow_sigatoka,plain,1,yes,small,good,yes,yes
yellow_sigatoka/train_0604.png,yellow_sigatoka,field,1,yes,medium,good,yes,yes
yellow_sigatoka/train_0684.png,yellow_sigatoka,plain,1,yes,medium,good,yes,yes
yellow_sigatoka/train_0664.png,yellow_sigatoka,plain,1,yes,large,good,yes,yes
yellow_sigatoka/train_0668.png,yellow_sigatoka,field,1,yes,medium,good,yes,yes
yellow_sigatoka/train_0630.png,yellow_sigatoka,plain,1,yes,small,good,yes,yes
yellow_sigatoka/train_0645.png,yellow_sigatoka,field,1,yes,large,good,yes,yes
yellow_sigatoka/train_0696.png,yellow_sigatoka,plain,1,yes,medium,good,yes,yes
yellow_sigatoka/train_0611.png,yellow_sigatoka,field,1,yes,small,good,yes,yes
yellow_sigatoka/train_0679.png,yellow_sigatoka,field,1,yes,large,good,yes,yes
yellow_sigatoka/train_0680.png,yellow_sigatoka,plain,1,yes,medium,good,yes,yes
yellow_sigatoka/train_0600.png,yellow_sigatoka,plain,1,yes,large,good,yes,yes
yellow_sigatoka/train_0681.png,yellow_sigatoka,field,1,yes,medium,good,yes,yes
yellow_sigatoka/train_0618.png,yellow_sigatoka,field,1,yes,small,good,no,yes
yellow_sigatoka/train_0670.png,yellow_sigatoka,plain,1,yes,small,good,yes,yes
yellow_sigatoka/train_0656.png,yellow_sigatoka,field,1,yes,large,good,yes,yes
yellow_sigatoka/train_0672.png,yellow_sigatoka,field,1,yes,large,good,yes,yes
yellow_sigatoka/test_0075.png,yellow_sigatoka,field,1,yes,large,good,yes,yes
yellow_sigatoka/train_0642.png,yellow_sigatoka,field,1,yes,medium,good,yes,yes
banana_healthy_leaf/train_0078.png,banana_healthy_leaf,plain,1,no,na,good,no,yes
banana_healthy_leaf/train_0010.png,banana_healthy_leaf,plain,1,no,na,good,no,yes
banana_healthy_leaf/train_0004.png,banana_healthy_leaf,plain,1,no,na,good,no,yes
banana_healthy_leaf/train_0084.png,banana_healthy_leaf,plain,1,no,na,good,no,yes
banana_healthy_leaf/train_0064.png,banana_healthy_leaf,plain,1,no,na,good,no,yes
banana_healthy_leaf/train_0068.png,banana_healthy_leaf,plain,1,no,na,good,no,yes
banana_healthy_leaf/train_0030.png,banana_healthy_leaf,plain,1,no,na,good,no,yes
banana_healthy_leaf/train_0045.png,banana_healthy_leaf,field,1,no,na,good,no,yes
banana_healthy_leaf/train_0096.png,banana_healthy_leaf,plain,1,no,na,good,no,yes
banana_healthy_leaf/train_0011.png,banana_healthy_leaf,plain,1,no,na,good,no,yes
banana_healthy_leaf/train_0079.png,banana_healthy_leaf,plain,1,no,na,good,no,yes
banana_healthy_leaf/train_0080.png,banana_healthy_leaf,plain,1,no,na,good,no,yes
banana_healthy_leaf/train_0000.png,banana_healthy_leaf,plain,1,no,na,good,no,yes
banana_healthy_leaf/train_0081.png,banana_healthy_leaf,plain,1,no,na,good,no,yes
banana_healthy_leaf/train_0018.png,banana_healthy_leaf,plain,1,no,na,good,no,yes
banana_healthy_leaf/train_0070.png,banana_healthy_leaf,plain,1,no,na,good,no,yes
banana_healthy_leaf/train_0056.png,banana_healthy_leaf,plain,1,no,na,good,no,yes
banana_healthy_leaf/train_0072.png,banana_healthy_leaf,plain,1,no,na,good,no,yes
banana_healthy_leaf/test_0009.png,banana_healthy_leaf,plain,1,no,na,good,no,yes
banana_healthy_leaf/train_0042.png,banana_healthy_leaf,plain,1,no,na,good,no,yes
